"","V1","V2"
"txoutcome",NA,NA
"hsa.let.7a.1",0.926537638261205,NA
"hsa.let.7a.2",0.937507514477014,NA
"hsa.let.7a.3",0.935512047465835,NA
"hsa.let.7b",0.0817632183549691,NA
"hsa.let.7c",0.258103759416132,NA
"hsa.let.7d",0.505740735270086,NA
"hsa.let.7e",0.0172390848306448,NA
"hsa.let.7f.1",0.0105898615190258,NA
"hsa.let.7f.2",0.0115838120609336,NA
"hsa.let.7g",0.00221171093599963,NA
"hsa.let.7i",0.116720996794403,NA
"hsa.mir.1.1",0.491715520861448,NA
"hsa.mir.1.2",0.452434427769881,NA
"hsa.mir.100",0.624231745468786,NA
"hsa.mir.101.1",0.272635142491149,NA
"hsa.mir.101.2",0.602240502477766,NA
"hsa.mir.103a.1",0.13143349635889,NA
"hsa.mir.103a.2",0.0152619977213681,NA
"hsa.mir.103b.1",NA,NA
"hsa.mir.103b.2",NA,NA
"hsa.mir.105.1",0.908859340783104,NA
"hsa.mir.105.2",0.710077188043861,NA
"hsa.mir.106a",0.00935857457953015,NA
"hsa.mir.106b",0.099410813734589,NA
"hsa.mir.107",0.00488755470313074,NA
"hsa.mir.10a",0.065635974696973,NA
"hsa.mir.10b",0.0097084699178347,NA
"hsa.mir.1178",0.304564088669504,NA
"hsa.mir.1179",0.103807103315942,NA
"hsa.mir.1180",0.32505945132934,NA
"hsa.mir.1181",0.907494308807763,NA
"hsa.mir.1182",0.151543345391466,NA
"hsa.mir.1183",NA,NA
"hsa.mir.1184.1",NA,NA
"hsa.mir.1184.2",0.0124485315461639,NA
"hsa.mir.1184.3",NA,NA
"hsa.mir.1185.1",0.610317748541687,NA
"hsa.mir.1185.2",0.969817412086074,NA
"hsa.mir.1193",0.264312288060059,NA
"hsa.mir.1197",0.572521130881745,NA
"hsa.mir.1199",0.915446297218803,NA
"hsa.mir.1200",NA,NA
"hsa.mir.1202",NA,NA
"hsa.mir.1203",0.229294028630174,NA
"hsa.mir.1204",NA,NA
"hsa.mir.1205",0.0417623157575241,NA
"hsa.mir.1206",0.491715520861448,NA
"hsa.mir.1207",NA,NA
"hsa.mir.1208",0.151543345391466,NA
"hsa.mir.122",0.866553124723973,NA
"hsa.mir.1224",0.988484032060265,NA
"hsa.mir.1225",0.468107532993912,NA
"hsa.mir.1226",0.376149794012595,NA
"hsa.mir.1227",0.793493877905651,NA
"hsa.mir.1228",0.950487043062763,NA
"hsa.mir.1229",0.625119456647649,NA
"hsa.mir.1231",0.311270756313061,NA
"hsa.mir.1233.1",NA,NA
"hsa.mir.1233.2",NA,NA
"hsa.mir.1234",0.216986860512403,NA
"hsa.mir.1236",0.150029383999748,NA
"hsa.mir.1237",0.870172878830701,NA
"hsa.mir.1238",0.31796331019864,NA
"hsa.mir.124.1",0.463220891657425,NA
"hsa.mir.124.2",0.278556727477735,NA
"hsa.mir.124.3",0.642559099631242,NA
"hsa.mir.1243",0.948546328730585,NA
"hsa.mir.1244.1",NA,NA
"hsa.mir.1244.2",NA,NA
"hsa.mir.1244.3",0.916010517341073,NA
"hsa.mir.1245a",0.37625535320039,NA
"hsa.mir.1245b",0.404509544506653,NA
"hsa.mir.1246",0.923425961331693,NA
"hsa.mir.1247",0.188834861717864,NA
"hsa.mir.1248",0.464952860065501,NA
"hsa.mir.1249",0.463039052174547,NA
"hsa.mir.1250",0.814370699090496,NA
"hsa.mir.1251",0.521730186320772,NA
"hsa.mir.1252",NA,NA
"hsa.mir.1253",NA,NA
"hsa.mir.1254.1",0.291716717208058,NA
"hsa.mir.1254.2",0.080017515609819,NA
"hsa.mir.1255a",0.0705530419969897,NA
"hsa.mir.1255b.1",NA,NA
"hsa.mir.1255b.2",NA,NA
"hsa.mir.1256",0.329778997749452,NA
"hsa.mir.1257",0.163184754243919,NA
"hsa.mir.1258",0.573754744802209,NA
"hsa.mir.125a",0.13830579702719,NA
"hsa.mir.125b.1",0.712738778334855,NA
"hsa.mir.125b.2",0.975481705734852,NA
"hsa.mir.126",0.0210238392793026,NA
"hsa.mir.1260a",0.631488672290845,NA
"hsa.mir.1260b",0.938549583518194,NA
"hsa.mir.1261",NA,NA
"hsa.mir.1262",0.521470147759659,NA
"hsa.mir.1263",0.553670156235716,NA
"hsa.mir.1264",0.164106590709276,NA
"hsa.mir.1265",0.603478557670665,NA
"hsa.mir.1266",0.239076212441559,NA
"hsa.mir.1267",0.164106590709276,NA
"hsa.mir.1268a",NA,NA
"hsa.mir.1268b",0.921075465771494,NA
"hsa.mir.1269a",0.697829935027402,NA
"hsa.mir.1269b",0.974459441310934,NA
"hsa.mir.127",0.555886041537248,NA
"hsa.mir.1270.1",0.920061793117207,NA
"hsa.mir.1270.2",0.708066797710167,NA
"hsa.mir.1271",0.294596711601694,NA
"hsa.mir.1272",0.980656167185695,NA
"hsa.mir.1273a",NA,NA
"hsa.mir.1273c",0.0641625458502535,NA
"hsa.mir.1273d",NA,NA
"hsa.mir.1273f",NA,NA
"hsa.mir.1273g",NA,NA
"hsa.mir.1273h",0.751480319481654,NA
"hsa.mir.1275",0.851185632021568,NA
"hsa.mir.1276",0.0667100069005213,NA
"hsa.mir.1277",0.90132340382159,NA
"hsa.mir.1278",0.603478557670665,NA
"hsa.mir.1279",NA,NA
"hsa.mir.128.1",0.000916833286313428,NA
"hsa.mir.128.2",0.000131206407368426,NA
"hsa.mir.1281",0.328110373869041,NA
"hsa.mir.1282",0.164106590709276,NA
"hsa.mir.1283.1",0.495648559943021,NA
"hsa.mir.1283.2",0.834140721672711,NA
"hsa.mir.1284",0.0172612774652773,NA
"hsa.mir.1285.1",0.229294028630174,NA
"hsa.mir.1285.2",NA,NA
"hsa.mir.1286",0.244724629743726,NA
"hsa.mir.1287",0.0352399778862851,NA
"hsa.mir.1288",0.491423862532738,NA
"hsa.mir.1289.1",0.416010082790365,NA
"hsa.mir.1289.2",0.229005946153509,NA
"hsa.mir.129.1",0.106560693702806,NA
"hsa.mir.129.2",0.228243112534113,NA
"hsa.mir.1290",0.741048072147535,NA
"hsa.mir.1291",0.807222684495585,NA
"hsa.mir.1292",0.719296476892984,NA
"hsa.mir.1293",0.676340409491015,NA
"hsa.mir.1294",0.278633609709682,NA
"hsa.mir.1295a",0.798499034315694,NA
"hsa.mir.1295b",0.567290638851126,NA
"hsa.mir.1296",0.875892159529651,NA
"hsa.mir.1297",NA,NA
"hsa.mir.1298",0.0620547732441736,NA
"hsa.mir.1299",NA,NA
"hsa.mir.1301",0.0352399778862851,NA
"hsa.mir.1302.1",NA,NA
"hsa.mir.1302.10",NA,NA
"hsa.mir.1302.11",NA,NA
"hsa.mir.1302.2",NA,NA
"hsa.mir.1302.3",0.491715520861448,NA
"hsa.mir.1302.4",NA,NA
"hsa.mir.1302.5",NA,NA
"hsa.mir.1302.6",NA,NA
"hsa.mir.1302.7",NA,NA
"hsa.mir.1302.8",NA,NA
"hsa.mir.1302.9",NA,NA
"hsa.mir.1303",0.935622686774801,NA
"hsa.mir.1304",0.181086724988963,NA
"hsa.mir.1305",0.406673700588898,NA
"hsa.mir.1306",0.449766364532014,NA
"hsa.mir.1307",0.596979163880368,NA
"hsa.mir.130a",0.0855742780486296,NA
"hsa.mir.130b",0.184233405546936,NA
"hsa.mir.132",0.775347822922212,NA
"hsa.mir.1321",NA,NA
"hsa.mir.1322",0.778834534484397,NA
"hsa.mir.1323",0.506161500110712,NA
"hsa.mir.1324",NA,NA
"hsa.mir.133a.1",0.752383537586296,NA
"hsa.mir.133a.2",0.944660329087437,NA
"hsa.mir.133b",0.142545814695224,NA
"hsa.mir.134",0.606587485524289,NA
"hsa.mir.1343",0.140319313378844,NA
"hsa.mir.135a.1",0.291652362603773,NA
"hsa.mir.135a.2",0.740004068814424,NA
"hsa.mir.135b",0.0246166484621001,NA
"hsa.mir.136",0.577757689974258,NA
"hsa.mir.137",0.808539950208513,NA
"hsa.mir.138.1",0.695425529004117,NA
"hsa.mir.138.2",0.976866472681668,NA
"hsa.mir.139",0.0436143114362646,NA
"hsa.mir.140",0.710869018909017,NA
"hsa.mir.141",0.0529921125511219,NA
"hsa.mir.142",0.276473263712742,NA
"hsa.mir.143",0.0171220016107812,NA
"hsa.mir.144",0.603527695859495,NA
"hsa.mir.145",0.624231745468786,NA
"hsa.mir.1468",0.518659442491446,NA
"hsa.mir.1469",0.978821406512745,NA
"hsa.mir.146a",0.533394165146013,NA
"hsa.mir.146b",0.237080052387972,NA
"hsa.mir.1470",0.327816539237427,NA
"hsa.mir.1471",NA,NA
"hsa.mir.147a",0.491715520861448,NA
"hsa.mir.147b",0.862059769946417,NA
"hsa.mir.148a",0.0298499487870929,NA
"hsa.mir.148b",0.320150038136368,NA
"hsa.mir.149",0.0162101850485254,NA
"hsa.mir.150",0.833574056609165,NA
"hsa.mir.151a",0.00540687991144803,NA
"hsa.mir.151b",0.708054134218448,NA
"hsa.mir.152",0.381586367232209,NA
"hsa.mir.153.1",0.698719908350812,NA
"hsa.mir.153.2",0.0892990607681546,NA
"hsa.mir.1537",0.491715520861448,NA
"hsa.mir.1538",0.482262321266423,NA
"hsa.mir.1539",0.187601517398233,NA
"hsa.mir.154",0.979982335467744,NA
"hsa.mir.155",0.0508732421603596,NA
"hsa.mir.1587",NA,NA
"hsa.mir.15a",0.0869531309320083,NA
"hsa.mir.15b",0.191806857523702,NA
"hsa.mir.16.1",0.00590726548757129,NA
"hsa.mir.16.2",0.00907236015987866,NA
"hsa.mir.17",0.00579506561806752,NA
"hsa.mir.181a.1",0.273183883638014,NA
"hsa.mir.181a.2",0.898682053228484,NA
"hsa.mir.181b.1",0.106288804051398,NA
"hsa.mir.181b.2",0.299826350281173,NA
"hsa.mir.181c",0.385008582287497,NA
"hsa.mir.181d",0.0550251762351821,NA
"hsa.mir.182",0.0122188946324195,NA
"hsa.mir.1825",0.221815657686536,NA
"hsa.mir.1827",NA,NA
"hsa.mir.183",0.0629253848438927,NA
"hsa.mir.184",0.705261354298734,NA
"hsa.mir.185",0.0174160263879796,NA
"hsa.mir.186",0.0839879796773471,NA
"hsa.mir.187",0.453536406500862,NA
"hsa.mir.188",0.26157124672607,NA
"hsa.mir.18a",0.0623945263192915,NA
"hsa.mir.18b",0.525582595538542,NA
"hsa.mir.1908",0.717028747073833,NA
"hsa.mir.1909",0.932837789863433,NA
"hsa.mir.190a",0.281811802181322,NA
"hsa.mir.190b",0.818881266327892,NA
"hsa.mir.191",0.291142988380959,NA
"hsa.mir.1910",0.0278834488575115,NA
"hsa.mir.1911",0.663867389115213,NA
"hsa.mir.1912",0.116169222203792,NA
"hsa.mir.1913",0.416134176796118,NA
"hsa.mir.1914",0.212156195031815,NA
"hsa.mir.1915",0.669233483090415,NA
"hsa.mir.192",0.350336841420278,NA
"hsa.mir.193a",0.019798956763656,NA
"hsa.mir.193b",0.762884875894712,NA
"hsa.mir.194.1",0.356845984897636,NA
"hsa.mir.194.2",0.773426586047193,NA
"hsa.mir.195",0.74288292451187,NA
"hsa.mir.196a.1",0.150733147204314,NA
"hsa.mir.196a.2",0.151681547817993,NA
"hsa.mir.196b",0.0460189555857831,NA
"hsa.mir.197",0.13467226601093,NA
"hsa.mir.1972.1",0.229294028630174,NA
"hsa.mir.1972.2",NA,NA
"hsa.mir.1973",NA,NA
"hsa.mir.1976",0.0121324719631337,NA
"hsa.mir.198",0.108251001684636,NA
"hsa.mir.199a.1",0.57454857878679,NA
"hsa.mir.199a.2",0.894712043396612,NA
"hsa.mir.199b",0.411625844062359,NA
"hsa.mir.19a",0.323287050683178,NA
"hsa.mir.19b.1",0.00817495609857839,NA
"hsa.mir.19b.2",0.0176966350256368,NA
"hsa.mir.200a",0.0867221073593899,NA
"hsa.mir.200b",0.0124814443362789,NA
"hsa.mir.200c",0.405933274491174,NA
"hsa.mir.202",0.731540609760092,NA
"hsa.mir.203a",0.0181398150079474,NA
"hsa.mir.203b",0.000498045991667665,NA
"hsa.mir.204",0.603960182477238,NA
"hsa.mir.205",0.992493328838967,NA
"hsa.mir.2052",NA,NA
"hsa.mir.2053",NA,NA
"hsa.mir.2054",NA,NA
"hsa.mir.206",0.314231002689904,NA
"hsa.mir.208a",0.93084244316905,NA
"hsa.mir.208b",0.491715520861448,NA
"hsa.mir.20a",0.0260130425256675,NA
"hsa.mir.20b",0.0267915963612206,NA
"hsa.mir.21",0.330017590453703,NA
"hsa.mir.210",0.393993760527356,NA
"hsa.mir.211",0.568080282264607,NA
"hsa.mir.2110",0.32505945132934,NA
"hsa.mir.2113",0.5692669426738,NA
"hsa.mir.2114",0.375737412983659,NA
"hsa.mir.2115",0.671551148377512,NA
"hsa.mir.2116",0.275933925187967,NA
"hsa.mir.2117",0.775714492171398,NA
"hsa.mir.212",0.386037454702018,NA
"hsa.mir.214",0.508954456014461,NA
"hsa.mir.215",0.0696015274757362,NA
"hsa.mir.216a",0.551083560795935,NA
"hsa.mir.216b",0.896373699388187,NA
"hsa.mir.217",0.91976958146684,NA
"hsa.mir.218.1",0.585552934995019,NA
"hsa.mir.218.2",0.0684392285864264,NA
"hsa.mir.219a.1",0.132076372876275,NA
"hsa.mir.219a.2",0.908999526412084,NA
"hsa.mir.219b",0.246261130914714,NA
"hsa.mir.22",0.893719948901875,NA
"hsa.mir.221",0.142014404175127,NA
"hsa.mir.222",0.759062289088632,NA
"hsa.mir.223",0.329395158973926,NA
"hsa.mir.224",0.492993430755104,NA
"hsa.mir.2276",0.0565393976695915,NA
"hsa.mir.2277",0.729643140792511,NA
"hsa.mir.2278",0.916139425198206,NA
"hsa.mir.2355",0.0780660371145574,NA
"hsa.mir.2392",NA,NA
"hsa.mir.23a",0.0902403388809768,NA
"hsa.mir.23b",0.500142530294194,NA
"hsa.mir.23c",0.835481765798203,NA
"hsa.mir.24.1",0.210820912245312,NA
"hsa.mir.24.2",0.00787116314125566,NA
"hsa.mir.2467",0.899927838115145,NA
"hsa.mir.25",0.306900447087688,NA
"hsa.mir.2681",0.148070668933778,NA
"hsa.mir.2682",0.170242585633076,NA
"hsa.mir.26a.1",0.733860731980691,NA
"hsa.mir.26a.2",0.0471263290973955,NA
"hsa.mir.26b",0.115555820731615,NA
"hsa.mir.27a",0.126688971529444,NA
"hsa.mir.27b",0.85812712689065,NA
"hsa.mir.28",0.661075049391792,NA
"hsa.mir.2861",0.397594261472076,NA
"hsa.mir.2909",NA,NA
"hsa.mir.296",0.12637747318039,NA
"hsa.mir.297",NA,NA
"hsa.mir.298",0.668717689885428,NA
"hsa.mir.299",0.933516870621823,NA
"hsa.mir.29a",0.789800192243636,NA
"hsa.mir.29b.1",0.711803681993272,NA
"hsa.mir.29b.2",0.749531730479202,NA
"hsa.mir.29c",0.375473599961091,NA
"hsa.mir.300",NA,NA
"hsa.mir.301a",0.765630438153312,NA
"hsa.mir.301b",0.233008188831077,NA
"hsa.mir.302a",0.491715520861448,NA
"hsa.mir.302b",0.491715520861448,NA
"hsa.mir.302c",0.978821406512745,NA
"hsa.mir.302d",NA,NA
"hsa.mir.302e",NA,NA
"hsa.mir.302f",NA,NA
"hsa.mir.3064",0.430422723933963,NA
"hsa.mir.3065",0.948489260522599,NA
"hsa.mir.3074",0.0360104940358325,NA
"hsa.mir.30a",0.380222723809563,NA
"hsa.mir.30b",0.0631031652975634,NA
"hsa.mir.30c.1",0.192233836280722,NA
"hsa.mir.30c.2",0.856157491598803,NA
"hsa.mir.30d",0.566028902508322,NA
"hsa.mir.30e",0.32629441869069,NA
"hsa.mir.31",0.525088851413286,NA
"hsa.mir.3115",0.499901692696826,NA
"hsa.mir.3116.1",0.337703531718257,NA
"hsa.mir.3116.2",0.56950865770421,NA
"hsa.mir.3117",0.869600148886289,NA
"hsa.mir.3118.1",NA,NA
"hsa.mir.3118.2",NA,NA
"hsa.mir.3118.3",NA,NA
"hsa.mir.3118.4",NA,NA
"hsa.mir.3118.5",NA,NA
"hsa.mir.3118.6",NA,NA
"hsa.mir.3119.1",NA,NA
"hsa.mir.3119.2",0.151543345391466,NA
"hsa.mir.3120",0.542397312636249,NA
"hsa.mir.3121",0.290648382121322,NA
"hsa.mir.3122",0.491715520861448,NA
"hsa.mir.3123",NA,NA
"hsa.mir.3124",0.0404232070179758,NA
"hsa.mir.3125",0.513841755780851,NA
"hsa.mir.3126",0.729265743648097,NA
"hsa.mir.3127",0.47808247053672,NA
"hsa.mir.3128",0.491715520861448,NA
"hsa.mir.3129",0.144551866439771,NA
"hsa.mir.3130.1",0.415207628864108,NA
"hsa.mir.3130.2",0.577156533715945,NA
"hsa.mir.3131",0.29113882191907,NA
"hsa.mir.3132",0.767263535108662,NA
"hsa.mir.3133",NA,NA
"hsa.mir.3134",NA,NA
"hsa.mir.3135a",0.0236831056597912,NA
"hsa.mir.3135b",0.491715520861448,NA
"hsa.mir.3136",0.5496993725079,NA
"hsa.mir.3137",0.52300485428613,NA
"hsa.mir.3138",0.715899035248151,NA
"hsa.mir.3139",0.827951486474398,NA
"hsa.mir.3140",0.0402688185600667,NA
"hsa.mir.3141",0.609886551254128,NA
"hsa.mir.3142",NA,NA
"hsa.mir.3143",0.128145412952245,NA
"hsa.mir.3144",0.423703184469719,NA
"hsa.mir.3145",0.151543345391466,NA
"hsa.mir.3146",0.442681897438548,NA
"hsa.mir.3147",0.553826600868016,NA
"hsa.mir.3148",0.752171847712239,NA
"hsa.mir.3149",0.777389586574611,NA
"hsa.mir.3150a",0.419913986483758,NA
"hsa.mir.3150b",0.554874800096667,NA
"hsa.mir.3151",0.982890030590766,NA
"hsa.mir.3152",0.290576083108026,NA
"hsa.mir.3153",0.463615383413564,NA
"hsa.mir.3154",0.626152551310646,NA
"hsa.mir.3155a",0.74235089930694,NA
"hsa.mir.3155b",0.231365618495537,NA
"hsa.mir.3156.1",0.98487156299993,NA
"hsa.mir.3156.2",0.980656167185695,NA
"hsa.mir.3156.3",0.747183322319047,NA
"hsa.mir.3157",0.258732617628973,NA
"hsa.mir.3158.1",0.451295796039599,NA
"hsa.mir.3158.2",0.384901554086055,NA
"hsa.mir.3159",0.0428484848462864,NA
"hsa.mir.3160.1",0.876521491091939,NA
"hsa.mir.3160.2",0.708240635317397,NA
"hsa.mir.3161",0.180893456778015,NA
"hsa.mir.3162",0.982229778538965,NA
"hsa.mir.3163",0.138253345734742,NA
"hsa.mir.3164",0.383541417477461,NA
"hsa.mir.3165",0.0474513412463391,NA
"hsa.mir.3166",0.276118004590578,NA
"hsa.mir.3167",0.0704294848266305,NA
"hsa.mir.3168",0.0078449399188886,NA
"hsa.mir.3169",NA,NA
"hsa.mir.3170",0.574533503601043,NA
"hsa.mir.3171",0.327816539237427,NA
"hsa.mir.3173",0.459603221966026,NA
"hsa.mir.3174",0.300983946543188,NA
"hsa.mir.3175",0.070958109607087,NA
"hsa.mir.3176",0.0907777692949197,NA
"hsa.mir.3177",0.282984264833077,NA
"hsa.mir.3178",0.192791942001988,NA
"hsa.mir.3179.1",0.549731377895279,NA
"hsa.mir.3179.2",0.0871347764832501,NA
"hsa.mir.3179.3",0.124291983220717,NA
"hsa.mir.3180.1",0.50593751776266,NA
"hsa.mir.3180.2",0.101793548730465,NA
"hsa.mir.3180.3",0.0656175719244169,NA
"hsa.mir.3180.4",0.76750489973234,NA
"hsa.mir.3180.5",0.618739920461504,NA
"hsa.mir.3181",0.75714546579517,NA
"hsa.mir.3182",0.151543345391466,NA
"hsa.mir.3183",0.894105912750685,NA
"hsa.mir.3184",0.728676633809513,NA
"hsa.mir.3185",0.229294028630174,NA
"hsa.mir.3186",0.919577508861604,NA
"hsa.mir.3187",0.0508620133822008,NA
"hsa.mir.3188",0.848270762736853,NA
"hsa.mir.3189",0.586993305442466,NA
"hsa.mir.3190",0.572969181651564,NA
"hsa.mir.3191",0.956316891860418,NA
"hsa.mir.3192",0.806710996030635,NA
"hsa.mir.3193",0.995209501200495,NA
"hsa.mir.3194",0.728266686095022,NA
"hsa.mir.3195",0.810855234772942,NA
"hsa.mir.3196",0.284617060898934,NA
"hsa.mir.3197",0.128795206920778,NA
"hsa.mir.3198.1",0.121993467452447,NA
"hsa.mir.3198.2",0.190552481137237,NA
"hsa.mir.3199.1",0.458862245509129,NA
"hsa.mir.3199.2",0.378711190245404,NA
"hsa.mir.32",0.0485386406946824,NA
"hsa.mir.3200",0.0632813607023146,NA
"hsa.mir.3201",NA,NA
"hsa.mir.3202.1",0.301772951463666,NA
"hsa.mir.3202.2",0.126453092924329,NA
"hsa.mir.320a",0.710869018909017,NA
"hsa.mir.320b.1",0.62170346916324,NA
"hsa.mir.320b.2",0.571133432003153,NA
"hsa.mir.320c.1",0.0501332106383048,NA
"hsa.mir.320c.2",0.513778439569451,NA
"hsa.mir.320d.1",0.0769850943368039,NA
"hsa.mir.320d.2",0.0698696091011483,NA
"hsa.mir.320e",0.0890305961922503,NA
"hsa.mir.323a",0.759539086460023,NA
"hsa.mir.323b",0.990491631357365,NA
"hsa.mir.324",0.96148016154844,NA
"hsa.mir.325",NA,NA
"hsa.mir.326",0.937507514477014,NA
"hsa.mir.328",0.0229095021521864,NA
"hsa.mir.329.1",0.934934142911717,NA
"hsa.mir.329.2",0.88144411515006,NA
"hsa.mir.330",0.934514465069434,NA
"hsa.mir.331",0.923548187462102,NA
"hsa.mir.335",0.1801227761435,NA
"hsa.mir.337",0.799475603821415,NA
"hsa.mir.338",0.280386266240808,NA
"hsa.mir.339",0.743831593706707,NA
"hsa.mir.33a",0.0199980701339643,NA
"hsa.mir.33b",0.228120908264214,NA
"hsa.mir.340",0.200044678412589,NA
"hsa.mir.342",0.867988316153371,NA
"hsa.mir.345",0.902654600293604,NA
"hsa.mir.346",0.635067707870844,NA
"hsa.mir.34a",0.0853461923074204,NA
"hsa.mir.34b",0.198714744423179,NA
"hsa.mir.34c",0.151440847479146,NA
"hsa.mir.3529",0.403633562798779,NA
"hsa.mir.3591",0.164106590709276,NA
"hsa.mir.3605",0.173688114967404,NA
"hsa.mir.3606",NA,NA
"hsa.mir.3607",0.940501447134633,NA
"hsa.mir.3609",0.471851548524869,NA
"hsa.mir.361",0.130473733280153,NA
"hsa.mir.3610",0.720233693762947,NA
"hsa.mir.3611",0.757170746987183,NA
"hsa.mir.3612",0.172197149114472,NA
"hsa.mir.3613",0.420121070497058,NA
"hsa.mir.3614",0.223435574001173,NA
"hsa.mir.3615",0.306900447087688,NA
"hsa.mir.3616",0.353941113357033,NA
"hsa.mir.3617",0.861841627483162,NA
"hsa.mir.3618",0.39047737167864,NA
"hsa.mir.3619",0.79415042384531,NA
"hsa.mir.362",0.784974426042818,NA
"hsa.mir.3620",0.270383828510666,NA
"hsa.mir.3621",0.327816539237427,NA
"hsa.mir.3622a",0.478860909902889,NA
"hsa.mir.3622b",0.504880330597918,NA
"hsa.mir.363",0.0296611985718937,NA
"hsa.mir.3646",0.757380880523021,NA
"hsa.mir.3648",0.649298313942825,NA
"hsa.mir.3649",NA,NA
"hsa.mir.3650",0.226834891916233,NA
"hsa.mir.3651",0.171712187945708,NA
"hsa.mir.3652",0.997497743466361,NA
"hsa.mir.3653",0.246667302625386,NA
"hsa.mir.3654",0.0582579550052668,NA
"hsa.mir.3655",0.274561935099494,NA
"hsa.mir.3656",0.993385852743827,NA
"hsa.mir.3657",NA,NA
"hsa.mir.3658",0.752171847712239,NA
"hsa.mir.3659",0.84355735232039,NA
"hsa.mir.365a",0.693194415682707,NA
"hsa.mir.365b",0.842395789595876,NA
"hsa.mir.3660",0.277906086645162,NA
"hsa.mir.3661",0.350490474862746,NA
"hsa.mir.3662",0.0100544512623777,NA
"hsa.mir.3663",0.377715600235687,NA
"hsa.mir.3664",0.0526258181301855,NA
"hsa.mir.3665",0.124291983220717,NA
"hsa.mir.3666",NA,NA
"hsa.mir.3667",0.981040440558096,NA
"hsa.mir.3668",NA,NA
"hsa.mir.3669",NA,NA
"hsa.mir.367",NA,NA
"hsa.mir.3670.1",NA,NA
"hsa.mir.3670.2",NA,NA
"hsa.mir.3671",NA,NA
"hsa.mir.3672",NA,NA
"hsa.mir.3673",NA,NA
"hsa.mir.3674",0.151543345391466,NA
"hsa.mir.3675",0.959176845692512,NA
"hsa.mir.3677",0.488820199051478,NA
"hsa.mir.3678",0.904526187592872,NA
"hsa.mir.3679",0.225268301431096,NA
"hsa.mir.3680.1",0.242471894134598,NA
"hsa.mir.3680.2",0.323246093381277,NA
"hsa.mir.3681",0.462630533046659,NA
"hsa.mir.3682",0.398681643777983,NA
"hsa.mir.3683",NA,NA
"hsa.mir.3684",0.0625271895371735,NA
"hsa.mir.3685",0.404417201262564,NA
"hsa.mir.3686",NA,NA
"hsa.mir.3687",0.634923573371085,NA
"hsa.mir.3688.1",0.316383578083725,NA
"hsa.mir.3688.2",NA,NA
"hsa.mir.3689a",0.757170746987183,NA
"hsa.mir.3689b",0.203927247241113,NA
"hsa.mir.3689c",NA,NA
"hsa.mir.3689d.1",NA,NA
"hsa.mir.3689d.2",NA,NA
"hsa.mir.3689e",0.44735131687079,NA
"hsa.mir.3689f",0.282730383017,NA
"hsa.mir.369",0.709826940186464,NA
"hsa.mir.3690.1",0.814881176066516,NA
"hsa.mir.3690.2",NA,NA
"hsa.mir.3691",0.00258958961311118,NA
"hsa.mir.3692",0.345749373627283,NA
"hsa.mir.370",0.535870365812133,NA
"hsa.mir.3713",NA,NA
"hsa.mir.3714",0.491715520861448,NA
"hsa.mir.371a",0.837856607418471,NA
"hsa.mir.371b",0.649001200146522,NA
"hsa.mir.372",0.291491471666915,NA
"hsa.mir.373",0.171737956122638,NA
"hsa.mir.374a",0.350899907470699,NA
"hsa.mir.374b",0.00289486791881437,NA
"hsa.mir.374c",0.820173545083356,NA
"hsa.mir.375",0.745730097672663,NA
"hsa.mir.376a.1",0.0812750977727937,NA
"hsa.mir.376a.2",0.864531929575492,NA
"hsa.mir.376b",0.976986290887773,NA
"hsa.mir.376c",0.763942343514979,NA
"hsa.mir.377",0.25130137582567,NA
"hsa.mir.378a",0.544999016411156,NA
"hsa.mir.378b",0.384256159828228,NA
"hsa.mir.378c",0.229699445174634,NA
"hsa.mir.378d.1",0.11237689768625,NA
"hsa.mir.378d.2",0.213489585716133,NA
"hsa.mir.378e",0.491715520861448,NA
"hsa.mir.378f",0.524447950586743,NA
"hsa.mir.378g",0.0985414016258867,NA
"hsa.mir.378h",0.327816539237427,NA
"hsa.mir.378i",0.208377539019554,NA
"hsa.mir.378j",0.229294028630174,NA
"hsa.mir.379",0.328152579305439,NA
"hsa.mir.380",0.124644772573603,NA
"hsa.mir.381",0.698294086297233,NA
"hsa.mir.382",0.944494658425667,NA
"hsa.mir.383",0.209015315618884,NA
"hsa.mir.384",0.491715520861448,NA
"hsa.mir.3907",0.773241542090049,NA
"hsa.mir.3908",NA,NA
"hsa.mir.3909",0.757949735600778,NA
"hsa.mir.3910.1",NA,NA
"hsa.mir.3910.2",0.119053442464012,NA
"hsa.mir.3911",0.018633001555211,NA
"hsa.mir.3912",0.688706210895325,NA
"hsa.mir.3913.1",0.0667140597378967,NA
"hsa.mir.3913.2",NA,NA
"hsa.mir.3914.1",0.083264844817288,NA
"hsa.mir.3914.2",0.978821406512745,NA
"hsa.mir.3915",NA,NA
"hsa.mir.3916",0.189370641339145,NA
"hsa.mir.3917",0.519472485980041,NA
"hsa.mir.3918",0.165460321355366,NA
"hsa.mir.3919",0.491715520861448,NA
"hsa.mir.3920",0.351266991413896,NA
"hsa.mir.3921",0.0417623157575241,NA
"hsa.mir.3922",0.514604781824708,NA
"hsa.mir.3923",0.701735578484993,NA
"hsa.mir.3924",NA,NA
"hsa.mir.3925",0.14997464394785,NA
"hsa.mir.3926.1",0.165636803323531,NA
"hsa.mir.3926.2",0.672568858576666,NA
"hsa.mir.3927",0.229294028630174,NA
"hsa.mir.3928",0.446014152416424,NA
"hsa.mir.3929",0.0871347764832501,NA
"hsa.mir.3934",0.86502441887754,NA
"hsa.mir.3935",0.491715520861448,NA
"hsa.mir.3936",0.826144036882514,NA
"hsa.mir.3937",0.567658810796669,NA
"hsa.mir.3938",0.525631906388101,NA
"hsa.mir.3939",0.142927708028906,NA
"hsa.mir.3940",0.817455924021986,NA
"hsa.mir.3941",0.494239251089755,NA
"hsa.mir.3942",0.120231345815036,NA
"hsa.mir.3943",0.263899133978395,NA
"hsa.mir.3944",0.416606381069201,NA
"hsa.mir.3945",0.297476958928833,NA
"hsa.mir.3960",0.163184754243919,NA
"hsa.mir.3972",NA,NA
"hsa.mir.3973",NA,NA
"hsa.mir.3974",NA,NA
"hsa.mir.3975",NA,NA
"hsa.mir.3976",0.491715520861448,NA
"hsa.mir.3977",NA,NA
"hsa.mir.3978",0.491715520861448,NA
"hsa.mir.409",0.536697050593474,NA
"hsa.mir.410",0.488257806144934,NA
"hsa.mir.411",0.256738864010746,NA
"hsa.mir.412",0.768405824007324,NA
"hsa.mir.421",0.00282891754037967,NA
"hsa.mir.422a",0.335473670850514,NA
"hsa.mir.423",0.562638094299814,NA
"hsa.mir.424",0.804325234216468,NA
"hsa.mir.425",0.120571631765007,NA
"hsa.mir.4251",NA,NA
"hsa.mir.4252",NA,NA
"hsa.mir.4253",NA,NA
"hsa.mir.4254",0.238313739893209,NA
"hsa.mir.4255",NA,NA
"hsa.mir.4256",NA,NA
"hsa.mir.4257",NA,NA
"hsa.mir.4258",0.934832873369806,NA
"hsa.mir.4259",0.327816539237427,NA
"hsa.mir.4260",NA,NA
"hsa.mir.4261",NA,NA
"hsa.mir.4262",NA,NA
"hsa.mir.4263",0.491715520861448,NA
"hsa.mir.4264",NA,NA
"hsa.mir.4265",NA,NA
"hsa.mir.4266",NA,NA
"hsa.mir.4267",NA,NA
"hsa.mir.4268",NA,NA
"hsa.mir.4269",NA,NA
"hsa.mir.4270",NA,NA
"hsa.mir.4271",NA,NA
"hsa.mir.4272",NA,NA
"hsa.mir.4273",NA,NA
"hsa.mir.4274",NA,NA
"hsa.mir.4275",NA,NA
"hsa.mir.4276",NA,NA
"hsa.mir.4277",0.151543345391466,NA
"hsa.mir.4278",0.491715520861448,NA
"hsa.mir.4279",0.747183322319047,NA
"hsa.mir.4280",NA,NA
"hsa.mir.4281",0.491715520861448,NA
"hsa.mir.4282",NA,NA
"hsa.mir.4283.1",NA,NA
"hsa.mir.4283.2",NA,NA
"hsa.mir.4284",0.410983796430928,NA
"hsa.mir.4285",0.491715520861448,NA
"hsa.mir.4286",0.487457556016381,NA
"hsa.mir.4287",NA,NA
"hsa.mir.4288",NA,NA
"hsa.mir.4289",0.972772468086115,NA
"hsa.mir.429",0.0537664238058731,NA
"hsa.mir.4290",0.151543345391466,NA
"hsa.mir.4291",NA,NA
"hsa.mir.4292",0.491715520861448,NA
"hsa.mir.4293",NA,NA
"hsa.mir.4294",NA,NA
"hsa.mir.4295",NA,NA
"hsa.mir.4296",0.0474513412463391,NA
"hsa.mir.4297",NA,NA
"hsa.mir.4298",NA,NA
"hsa.mir.4299",NA,NA
"hsa.mir.4300",0.491715520861448,NA
"hsa.mir.4301",NA,NA
"hsa.mir.4302",NA,NA
"hsa.mir.4303",NA,NA
"hsa.mir.4304",NA,NA
"hsa.mir.4305",NA,NA
"hsa.mir.4306",0.0792113198085714,NA
"hsa.mir.4307",NA,NA
"hsa.mir.4308",0.491715520861448,NA
"hsa.mir.4309",NA,NA
"hsa.mir.431",0.0911976824042445,NA
"hsa.mir.4310",0.707691572149969,NA
"hsa.mir.4311",NA,NA
"hsa.mir.4312",0.327816539237427,NA
"hsa.mir.4313",0.753822876538278,NA
"hsa.mir.4314",0.491715520861448,NA
"hsa.mir.4315.1",0.491715520861448,NA
"hsa.mir.4315.2",0.455256255721038,NA
"hsa.mir.4316",NA,NA
"hsa.mir.4317",0.151543345391466,NA
"hsa.mir.4318",NA,NA
"hsa.mir.4319",NA,NA
"hsa.mir.432",0.560101439773913,NA
"hsa.mir.4320",0.151543345391466,NA
"hsa.mir.4321",0.491715520861448,NA
"hsa.mir.4322",0.194083006050846,NA
"hsa.mir.4323",NA,NA
"hsa.mir.4324",NA,NA
"hsa.mir.4325",NA,NA
"hsa.mir.4326",0.108320653579659,NA
"hsa.mir.4327",0.491715520861448,NA
"hsa.mir.4328",NA,NA
"hsa.mir.4329",NA,NA
"hsa.mir.433",0.209450272001207,NA
"hsa.mir.4330",NA,NA
"hsa.mir.4417",0.755957071843449,NA
"hsa.mir.4418",0.463239237114181,NA
"hsa.mir.4419a",NA,NA
"hsa.mir.4419b",0.0141905523864235,NA
"hsa.mir.4420",0.627314729843298,NA
"hsa.mir.4421",0.11026106327707,NA
"hsa.mir.4422",0.925768122610634,NA
"hsa.mir.4423",0.622294869262165,NA
"hsa.mir.4424",0.98487156299993,NA
"hsa.mir.4425",0.597027606665864,NA
"hsa.mir.4426",0.332345557835457,NA
"hsa.mir.4427",NA,NA
"hsa.mir.4428",0.0267156673830572,NA
"hsa.mir.4429",0.141776224838849,NA
"hsa.mir.4430",NA,NA
"hsa.mir.4431",0.164106590709276,NA
"hsa.mir.4432",NA,NA
"hsa.mir.4433",0.798773677353021,NA
"hsa.mir.4433b",0.503134394869034,NA
"hsa.mir.4434",0.164106590709276,NA
"hsa.mir.4435.1",NA,NA
"hsa.mir.4435.2",0.101459166194241,NA
"hsa.mir.4436a",0.164106590709276,NA
"hsa.mir.4436b.1",0.80595282683579,NA
"hsa.mir.4436b.2",NA,NA
"hsa.mir.4437",0.0352022339053616,NA
"hsa.mir.4438",0.491715520861448,NA
"hsa.mir.4439",NA,NA
"hsa.mir.4440",0.491715520861448,NA
"hsa.mir.4441",0.491715520861448,NA
"hsa.mir.4442",0.61326544252363,NA
"hsa.mir.4443",0.42199235424493,NA
"hsa.mir.4444.1",0.413379397635112,NA
"hsa.mir.4444.2",0.645515814740851,NA
"hsa.mir.4445",0.597027606665864,NA
"hsa.mir.4446",0.101594272416393,NA
"hsa.mir.4447",NA,NA
"hsa.mir.4448",0.808539950208513,NA
"hsa.mir.4449",0.759062289088632,NA
"hsa.mir.4450",0.0818953985255591,NA
"hsa.mir.4451",0.83574633660412,NA
"hsa.mir.4452",0.978821406512745,NA
"hsa.mir.4453",0.377036280663021,NA
"hsa.mir.4454",0.106145610234137,NA
"hsa.mir.4455",NA,NA
"hsa.mir.4456",NA,NA
"hsa.mir.4457",0.757170746987183,NA
"hsa.mir.4458",0.478560534523261,NA
"hsa.mir.4459",0.455256255721038,NA
"hsa.mir.4460",NA,NA
"hsa.mir.4461",0.754792786732948,NA
"hsa.mir.4462",NA,NA
"hsa.mir.4463",NA,NA
"hsa.mir.4464",NA,NA
"hsa.mir.4465",0.635373726251459,NA
"hsa.mir.4466",0.155734452790946,NA
"hsa.mir.4467",0.405113484126328,NA
"hsa.mir.4468",0.491715520861448,NA
"hsa.mir.4469",0.432540674328527,NA
"hsa.mir.4470",0.39321389919255,NA
"hsa.mir.4471",0.603478557670665,NA
"hsa.mir.4472.1",NA,NA
"hsa.mir.4472.2",NA,NA
"hsa.mir.4473",0.0327077206833486,NA
"hsa.mir.4474",0.00214001040642113,NA
"hsa.mir.4475",NA,NA
"hsa.mir.4476",0.229294028630174,NA
"hsa.mir.4477a",NA,NA
"hsa.mir.4477b",NA,NA
"hsa.mir.4478",0.31909683869513,NA
"hsa.mir.4479",0.808032764145294,NA
"hsa.mir.448",0.757170746987183,NA
"hsa.mir.4480",0.229294028630174,NA
"hsa.mir.4481",NA,NA
"hsa.mir.4482",0.24033958569745,NA
"hsa.mir.4483",0.151543345391466,NA
"hsa.mir.4484",0.0404665851373933,NA
"hsa.mir.4485",0.98487156299993,NA
"hsa.mir.4486",NA,NA
"hsa.mir.4487",0.738441933855994,NA
"hsa.mir.4488",0.0946482504752947,NA
"hsa.mir.4489",0.138912839919326,NA
"hsa.mir.4490",NA,NA
"hsa.mir.4491",0.0265807461191434,NA
"hsa.mir.4492",0.370076342597116,NA
"hsa.mir.4493",0.229294028630174,NA
"hsa.mir.4494",0.319887473042597,NA
"hsa.mir.4495",0.491715520861448,NA
"hsa.mir.4496",0.49469799333336,NA
"hsa.mir.4497",0.541354204968115,NA
"hsa.mir.4498",0.425688522318749,NA
"hsa.mir.4499",NA,NA
"hsa.mir.449a",0.091929850932689,NA
"hsa.mir.449b",0.0162604097239194,NA
"hsa.mir.449c",0.146659300633078,NA
"hsa.mir.4500",NA,NA
"hsa.mir.4501",0.11159286474354,NA
"hsa.mir.4502",0.000234750327958031,NA
"hsa.mir.4503",NA,NA
"hsa.mir.4504",0.491715520861448,NA
"hsa.mir.4505",0.396002510521678,NA
"hsa.mir.4506",0.406673700588898,NA
"hsa.mir.4507",0.497495303671864,NA
"hsa.mir.4508",0.491715520861448,NA
"hsa.mir.4509.1",NA,NA
"hsa.mir.4509.2",NA,NA
"hsa.mir.4509.3",NA,NA
"hsa.mir.450a.1",0.00329710656823063,NA
"hsa.mir.450a.2",0.707732694456834,NA
"hsa.mir.450b",0.0699814372673567,NA
"hsa.mir.4510",0.593308926408724,NA
"hsa.mir.4511",0.389411369995836,NA
"hsa.mir.4512",0.905338325122065,NA
"hsa.mir.4513",0.5692669426738,NA
"hsa.mir.4514",0.491715520861448,NA
"hsa.mir.4515",0.0398426723334225,NA
"hsa.mir.4516",0.0470783814786,NA
"hsa.mir.4517",0.360582888037024,NA
"hsa.mir.4518",NA,NA
"hsa.mir.4519",0.570263999105013,NA
"hsa.mir.451a",0.0715432399795828,NA
"hsa.mir.451b",NA,NA
"hsa.mir.452",0.672930416930304,NA
"hsa.mir.4520a",0.658257587949924,NA
"hsa.mir.4520b",0.409260590543523,NA
"hsa.mir.4521",0.236063679820639,NA
"hsa.mir.4522",0.542332338437968,NA
"hsa.mir.4523",0.72029478887358,NA
"hsa.mir.4524a",0.434672902626671,NA
"hsa.mir.4524b",0.491715520861448,NA
"hsa.mir.4525",0.897410292738593,NA
"hsa.mir.4526",0.110253041389374,NA
"hsa.mir.4527",NA,NA
"hsa.mir.4528",NA,NA
"hsa.mir.4529",0.902884785279133,NA
"hsa.mir.4530",0.54618326069954,NA
"hsa.mir.4531",NA,NA
"hsa.mir.4532",0.853999135162343,NA
"hsa.mir.4533",0.834573186807979,NA
"hsa.mir.4534",NA,NA
"hsa.mir.4535",NA,NA
"hsa.mir.4536.1",0.114686258022105,NA
"hsa.mir.4536.2",NA,NA
"hsa.mir.4537",0.567287091562494,NA
"hsa.mir.4538",0.119053442464012,NA
"hsa.mir.4539",0.171336679655122,NA
"hsa.mir.454",0.325225268868161,NA
"hsa.mir.4540",0.0417623157575241,NA
"hsa.mir.455",0.702476756532918,NA
"hsa.mir.4632",0.723246917090329,NA
"hsa.mir.4633",0.884674930494262,NA
"hsa.mir.4634",0.223617397861165,NA
"hsa.mir.4635",0.0417623157575241,NA
"hsa.mir.4636",0.734297324473198,NA
"hsa.mir.4637",0.327816539237427,NA
"hsa.mir.4638",0.502211101102802,NA
"hsa.mir.4639",0.587165092120826,NA
"hsa.mir.4640",0.118484252977114,NA
"hsa.mir.4641",0.981433053045711,NA
"hsa.mir.4642",0.949407803131221,NA
"hsa.mir.4643",0.327816539237427,NA
"hsa.mir.4644",0.0513958160600275,NA
"hsa.mir.4645",0.329179018300991,NA
"hsa.mir.4646",0.870659176946888,NA
"hsa.mir.4647",0.203091359406547,NA
"hsa.mir.4648",0.991302008169085,NA
"hsa.mir.4649",0.330839886539125,NA
"hsa.mir.4650.1",NA,NA
"hsa.mir.4650.2",NA,NA
"hsa.mir.4651",0.431670529222226,NA
"hsa.mir.4652",0.0385229821446704,NA
"hsa.mir.4653",0.700273465574632,NA
"hsa.mir.4654",0.288226532653957,NA
"hsa.mir.4655",0.760101979633425,NA
"hsa.mir.4656",0.102518550738114,NA
"hsa.mir.4657",0.364870748612986,NA
"hsa.mir.4658",0.437647353693209,NA
"hsa.mir.4659a",0.714677395053119,NA
"hsa.mir.4659b",0.296175713855292,NA
"hsa.mir.466",0.80689902666497,NA
"hsa.mir.4660",0.90540936137067,NA
"hsa.mir.4661",0.634923573371085,NA
"hsa.mir.4662a",0.278121538896869,NA
"hsa.mir.4662b",0.514454518715387,NA
"hsa.mir.4663",0.395106993143316,NA
"hsa.mir.4664",0.365387094472286,NA
"hsa.mir.4665",0.876553392343651,NA
"hsa.mir.4666a",0.0545631200572146,NA
"hsa.mir.4666b",0.976358681480414,NA
"hsa.mir.4667",0.0826168246410104,NA
"hsa.mir.4668",0.369363327375062,NA
"hsa.mir.4669",0.786190206352749,NA
"hsa.mir.4670",0.299899433935771,NA
"hsa.mir.4671",0.545806459696063,NA
"hsa.mir.4672",0.470079101337656,NA
"hsa.mir.4673",0.780224591690215,NA
"hsa.mir.4674",0.805388148692881,NA
"hsa.mir.4675",0.0091670082608466,NA
"hsa.mir.4676",0.982484892363116,NA
"hsa.mir.4677",0.0413598731631755,NA
"hsa.mir.4678",0.491715520861448,NA
"hsa.mir.4679.1",NA,NA
"hsa.mir.4679.2",NA,NA
"hsa.mir.4680",0.951694055782372,NA
"hsa.mir.4681",0.0417623157575241,NA
"hsa.mir.4682",0.476266629093214,NA
"hsa.mir.4683",0.351390850692892,NA
"hsa.mir.4684",0.0806997381155335,NA
"hsa.mir.4685",0.150710556400765,NA
"hsa.mir.4686",0.399791645635419,NA
"hsa.mir.4687",0.138870982644124,NA
"hsa.mir.4688",0.613488846391451,NA
"hsa.mir.4689",0.0391695109966636,NA
"hsa.mir.4690",0.805350656309711,NA
"hsa.mir.4691",0.0395390680785661,NA
"hsa.mir.4692",NA,NA
"hsa.mir.4693",NA,NA
"hsa.mir.4694",NA,NA
"hsa.mir.4695",0.610317687227706,NA
"hsa.mir.4696",NA,NA
"hsa.mir.4697",0.286429925333587,NA
"hsa.mir.4698",0.491715520861448,NA
"hsa.mir.4699",0.355564232652544,NA
"hsa.mir.4700",0.486572152379895,NA
"hsa.mir.4701",0.839645025072056,NA
"hsa.mir.4703",NA,NA
"hsa.mir.4704",0.491715520861448,NA
"hsa.mir.4705",0.491715520861448,NA
"hsa.mir.4706",0.194689741465681,NA
"hsa.mir.4707",0.768793263100388,NA
"hsa.mir.4708",0.629995423698704,NA
"hsa.mir.4709",0.812918305131413,NA
"hsa.mir.4710",0.326615020453356,NA
"hsa.mir.4711",NA,NA
"hsa.mir.4712",0.138791240812978,NA
"hsa.mir.4713",0.547668198102586,NA
"hsa.mir.4714",0.209635708098607,NA
"hsa.mir.4715",0.00582637876200339,NA
"hsa.mir.4716",0.126195292712839,NA
"hsa.mir.4717",0.0649278975839653,NA
"hsa.mir.4718",0.491715520861448,NA
"hsa.mir.4719",NA,NA
"hsa.mir.4720",NA,NA
"hsa.mir.4721",0.321026421846221,NA
"hsa.mir.4722",0.644902833110573,NA
"hsa.mir.4723",0.872112744447218,NA
"hsa.mir.4724",0.642761201163295,NA
"hsa.mir.4725",0.907363735865344,NA
"hsa.mir.4726",0.409017632770734,NA
"hsa.mir.4727",0.271985518404865,NA
"hsa.mir.4728",0.485899450649973,NA
"hsa.mir.4729",0.978821406512745,NA
"hsa.mir.4730",0.160049381919658,NA
"hsa.mir.4731",0.439775908518265,NA
"hsa.mir.4732",0.803957343516297,NA
"hsa.mir.4733",0.971153704010871,NA
"hsa.mir.4734",0.714823758369255,NA
"hsa.mir.4735",0.627314729843298,NA
"hsa.mir.4736",0.461000897378735,NA
"hsa.mir.4737",0.238541377068285,NA
"hsa.mir.4738",0.865789847257785,NA
"hsa.mir.4739",0.439125208894497,NA
"hsa.mir.4740",0.526989223597862,NA
"hsa.mir.4741",0.714200678173637,NA
"hsa.mir.4742",0.871893983680652,NA
"hsa.mir.4743",0.122054925640686,NA
"hsa.mir.4744",0.229294028630174,NA
"hsa.mir.4745",0.717394012825428,NA
"hsa.mir.4746",0.547501843819307,NA
"hsa.mir.4747",0.488262654624329,NA
"hsa.mir.4748",0.846030708339686,NA
"hsa.mir.4749",0.397773695506393,NA
"hsa.mir.4750",0.806900206522997,NA
"hsa.mir.4751",0.769339631966766,NA
"hsa.mir.4752",0.750270091363357,NA
"hsa.mir.4753",0.946068337421685,NA
"hsa.mir.4754",0.44860708693987,NA
"hsa.mir.4755",0.966167801285163,NA
"hsa.mir.4756",0.820173545083356,NA
"hsa.mir.4757",0.0406325372789553,NA
"hsa.mir.4758",0.795601686375111,NA
"hsa.mir.4759",NA,NA
"hsa.mir.4760",NA,NA
"hsa.mir.4761",0.44055797817948,NA
"hsa.mir.4762",0.0320516792528795,NA
"hsa.mir.4763",0.309239290781637,NA
"hsa.mir.4764",0.500301014422458,NA
"hsa.mir.4765",0.297558542376675,NA
"hsa.mir.4766",0.177128043644771,NA
"hsa.mir.4767",0.0642760294329979,NA
"hsa.mir.4768",0.0575013607808758,NA
"hsa.mir.4769",0.325240047237127,NA
"hsa.mir.4770",0.0684101001339646,NA
"hsa.mir.4771.1",NA,NA
"hsa.mir.4771.2",0.219274014744761,NA
"hsa.mir.4772",0.581543947294962,NA
"hsa.mir.4773.1",NA,NA
"hsa.mir.4773.2",0.364007167210987,NA
"hsa.mir.4774",0.0641625458502535,NA
"hsa.mir.4775",0.757170746987183,NA
"hsa.mir.4776.1",0.491715520861448,NA
"hsa.mir.4776.2",0.634462818214858,NA
"hsa.mir.4777",0.142642259961346,NA
"hsa.mir.4778",0.647049320383222,NA
"hsa.mir.4779",0.45687613312907,NA
"hsa.mir.4780",0.946427178682148,NA
"hsa.mir.4781",0.454372835857533,NA
"hsa.mir.4782",0.302216840385181,NA
"hsa.mir.4783",0.690573668300597,NA
"hsa.mir.4784",0.0418167819482462,NA
"hsa.mir.4785",0.455360722718464,NA
"hsa.mir.4786",0.119381341134799,NA
"hsa.mir.4787",0.363099722034502,NA
"hsa.mir.4788",0.570472850159351,NA
"hsa.mir.4789",0.327816539237427,NA
"hsa.mir.4790",0.310480402109038,NA
"hsa.mir.4791",0.342684665384262,NA
"hsa.mir.4792",0.81315830421241,NA
"hsa.mir.4793",0.176151212411942,NA
"hsa.mir.4794",0.76963887691223,NA
"hsa.mir.4795",0.547155507393128,NA
"hsa.mir.4796",0.184647522165262,NA
"hsa.mir.4797",0.14656115114502,NA
"hsa.mir.4798",0.491715520861448,NA
"hsa.mir.4799",0.660312705052205,NA
"hsa.mir.4800",0.0816750505950156,NA
"hsa.mir.4801",NA,NA
"hsa.mir.4802",0.883146707674754,NA
"hsa.mir.4803",NA,NA
"hsa.mir.4804",0.843400975499985,NA
"hsa.mir.483",0.55672788117538,NA
"hsa.mir.484",0.338811512851124,NA
"hsa.mir.485",0.201814017482352,NA
"hsa.mir.486",0.644791833433951,NA
"hsa.mir.486.2",0.54725701551144,NA
"hsa.mir.487a",0.419515333340076,NA
"hsa.mir.487b",0.951485152225511,NA
"hsa.mir.488",0.299479545196079,NA
"hsa.mir.489",0.110570352510978,NA
"hsa.mir.490",0.850273418835955,NA
"hsa.mir.491",0.0122623101706511,NA
"hsa.mir.492",0.365118640473705,NA
"hsa.mir.493",0.932020956448616,NA
"hsa.mir.494",0.837392137510786,NA
"hsa.mir.495",0.180299438437161,NA
"hsa.mir.496",0.803634277869185,NA
"hsa.mir.497",0.246667302625386,NA
"hsa.mir.498",0.329950412525689,NA
"hsa.mir.4999",0.829511092021868,NA
"hsa.mir.499a",0.56030523223628,NA
"hsa.mir.499b",0.178598683935038,NA
"hsa.mir.5000",0.27925195553593,NA
"hsa.mir.5001",0.672477618354906,NA
"hsa.mir.5002",0.00577501649946544,NA
"hsa.mir.5003",0.336934426112518,NA
"hsa.mir.5004",0.641951525562197,NA
"hsa.mir.5006",0.483913389143926,NA
"hsa.mir.5007",0.463239237114181,NA
"hsa.mir.5008",0.390769035384414,NA
"hsa.mir.5009",0.277255383459054,NA
"hsa.mir.500a",0.561791926874183,NA
"hsa.mir.500b",0.411625844062359,NA
"hsa.mir.501",0.328773488575681,NA
"hsa.mir.5010",0.199606831463004,NA
"hsa.mir.5011",0.491715520861448,NA
"hsa.mir.502",0.389139918139122,NA
"hsa.mir.503",0.919563939444863,NA
"hsa.mir.504",0.410905008355364,NA
"hsa.mir.5047",0.972772468086115,NA
"hsa.mir.505",0.637608587122042,NA
"hsa.mir.506",0.372533065455355,NA
"hsa.mir.507",0.147897542912455,NA
"hsa.mir.508",0.458844296670319,NA
"hsa.mir.5087",0.305422018488681,NA
"hsa.mir.5088",0.0587906280964797,NA
"hsa.mir.5089",0.419891469498112,NA
"hsa.mir.509.1",0.320761049625052,NA
"hsa.mir.509.2",0.344543429246829,NA
"hsa.mir.509.3",0.40310470868247,NA
"hsa.mir.5090",0.954474513990794,NA
"hsa.mir.5091",0.712727962169685,NA
"hsa.mir.5092",0.0840734862153604,NA
"hsa.mir.5093",0.445133123863251,NA
"hsa.mir.5094",0.833262403761054,NA
"hsa.mir.5095",0.151543345391466,NA
"hsa.mir.5096",NA,NA
"hsa.mir.510",0.0363026312852868,NA
"hsa.mir.5100",0.344463931491015,NA
"hsa.mir.511",0.458075337215534,NA
"hsa.mir.512.1",0.675446235471985,NA
"hsa.mir.512.2",0.851269512061294,NA
"hsa.mir.513a.1",0.193288030826272,NA
"hsa.mir.513a.2",0.00931282212297827,NA
"hsa.mir.513b",0.106762921978669,NA
"hsa.mir.513c",0.15159649406558,NA
"hsa.mir.514a.1",0.145538401468236,NA
"hsa.mir.514a.2",0.156660777094653,NA
"hsa.mir.514a.3",0.0830759847032707,NA
"hsa.mir.514b",0.252665002864735,NA
"hsa.mir.515.1",0.335294685168966,NA
"hsa.mir.515.2",0.236830814654848,NA
"hsa.mir.516a.1",0.411712848049644,NA
"hsa.mir.516a.2",0.363731994896087,NA
"hsa.mir.516b.1",0.595591505420445,NA
"hsa.mir.516b.2",0.303507964419703,NA
"hsa.mir.517a",0.463171510526119,NA
"hsa.mir.517b",0.461044496651885,NA
"hsa.mir.517c",0.407492011120306,NA
"hsa.mir.5186",0.491715520861448,NA
"hsa.mir.5187",0.205799766091785,NA
"hsa.mir.5188",0.399981344827686,NA
"hsa.mir.5189",0.495346575816026,NA
"hsa.mir.518a.1",0.553780830654076,NA
"hsa.mir.518a.2",0.972032594003398,NA
"hsa.mir.518b",0.895302992838852,NA
"hsa.mir.518c",0.358362313673312,NA
"hsa.mir.518d",0.327816539237427,NA
"hsa.mir.518e",0.561699869426145,NA
"hsa.mir.518f",0.571516783860725,NA
"hsa.mir.5190",0.853404256549601,NA
"hsa.mir.5191",0.491715520861448,NA
"hsa.mir.5192",0.856699501320041,NA
"hsa.mir.5193",0.341215737617082,NA
"hsa.mir.5194",0.262537081989782,NA
"hsa.mir.5195",0.597027606665864,NA
"hsa.mir.5196",0.343040935136703,NA
"hsa.mir.5197",NA,NA
"hsa.mir.519a.1",0.771391544253307,NA
"hsa.mir.519a.2",0.866542572997999,NA
"hsa.mir.519b",0.808299789441364,NA
"hsa.mir.519c",0.945775534162287,NA
"hsa.mir.519d",0.137974830417759,NA
"hsa.mir.519e",0.570676537819055,NA
"hsa.mir.520a",0.84148253245761,NA
"hsa.mir.520b",0.208517931906844,NA
"hsa.mir.520c",0.948197401976934,NA
"hsa.mir.520d",0.658770189476469,NA
"hsa.mir.520e",0.627745445981774,NA
"hsa.mir.520f",0.761004772694837,NA
"hsa.mir.520g",0.69202801501035,NA
"hsa.mir.520h",0.625170744290654,NA
"hsa.mir.521.1",0.275837885963596,NA
"hsa.mir.521.2",0.648368865156229,NA
"hsa.mir.522",0.614419190972743,NA
"hsa.mir.523",0.620139475881636,NA
"hsa.mir.524",0.0769463752899834,NA
"hsa.mir.525",0.693685798294598,NA
"hsa.mir.526a.1",0.164101411477485,NA
"hsa.mir.526a.2",0.752171847712239,NA
"hsa.mir.526b",0.826191085614287,NA
"hsa.mir.527",0.813533470756485,NA
"hsa.mir.532",0.983486258959644,NA
"hsa.mir.539",0.634471695561782,NA
"hsa.mir.541",0.592793846653094,NA
"hsa.mir.542",0.341979118147808,NA
"hsa.mir.543",0.60657003480967,NA
"hsa.mir.544a",0.856699501320041,NA
"hsa.mir.544b",0.499302560885782,NA
"hsa.mir.545",0.120588541668094,NA
"hsa.mir.548a.1",NA,NA
"hsa.mir.548a.2",NA,NA
"hsa.mir.548a.3",0.546015993397649,NA
"hsa.mir.548aa.1",NA,NA
"hsa.mir.548aa.2",NA,NA
"hsa.mir.548ab",0.327816539237427,NA
"hsa.mir.548ac",NA,NA
"hsa.mir.548ad",NA,NA
"hsa.mir.548ae.1",NA,NA
"hsa.mir.548ae.2",NA,NA
"hsa.mir.548ag.1",0.306923407961987,NA
"hsa.mir.548ag.2",0.0634868436535341,NA
"hsa.mir.548ah",0.229294028630174,NA
"hsa.mir.548ai",0.229294028630174,NA
"hsa.mir.548aj.1",NA,NA
"hsa.mir.548aj.2",NA,NA
"hsa.mir.548ak",0.491715520861448,NA
"hsa.mir.548al",0.327816539237427,NA
"hsa.mir.548am",0.491715520861448,NA
"hsa.mir.548an",0.491715520861448,NA
"hsa.mir.548ao",0.229294028630174,NA
"hsa.mir.548ap",NA,NA
"hsa.mir.548aq",0.0871347764832501,NA
"hsa.mir.548ar",0.742205364724809,NA
"hsa.mir.548as",0.972772468086115,NA
"hsa.mir.548at",0.451293993204409,NA
"hsa.mir.548au",0.249435299351412,NA
"hsa.mir.548av",NA,NA
"hsa.mir.548aw",0.702200252625885,NA
"hsa.mir.548ax",NA,NA
"hsa.mir.548ay",0.555098319485873,NA
"hsa.mir.548az",0.259755613284559,NA
"hsa.mir.548b",0.0172462041036512,NA
"hsa.mir.548ba",0.597027606665864,NA
"hsa.mir.548c",NA,NA
"hsa.mir.548d.1",0.585810555158594,NA
"hsa.mir.548d.2",0.0092414223387842,NA
"hsa.mir.548e",0.0396791396805026,NA
"hsa.mir.548f.1",0.402146445348355,NA
"hsa.mir.548f.2",NA,NA
"hsa.mir.548f.3",NA,NA
"hsa.mir.548f.4",NA,NA
"hsa.mir.548f.5",NA,NA
"hsa.mir.548g",NA,NA
"hsa.mir.548h.1",NA,NA
"hsa.mir.548h.2",NA,NA
"hsa.mir.548h.3",NA,NA
"hsa.mir.548h.4",NA,NA
"hsa.mir.548h.5",NA,NA
"hsa.mir.548i.1",NA,NA
"hsa.mir.548i.2",0.151543345391466,NA
"hsa.mir.548i.3",NA,NA
"hsa.mir.548i.4",NA,NA
"hsa.mir.548j",0.500970743307023,NA
"hsa.mir.548k",0.500007612455771,NA
"hsa.mir.548l",0.212963109200797,NA
"hsa.mir.548m",NA,NA
"hsa.mir.548n",NA,NA
"hsa.mir.548o",0.656572220338823,NA
"hsa.mir.548o.2",NA,NA
"hsa.mir.548p",NA,NA
"hsa.mir.548q",0.0222302516033651,NA
"hsa.mir.548s",0.436156060641367,NA
"hsa.mir.548t",0.206151245857876,NA
"hsa.mir.548u",NA,NA
"hsa.mir.548v",0.874501383660398,NA
"hsa.mir.548w",NA,NA
"hsa.mir.548x",0.597027606665864,NA
"hsa.mir.548x.2",NA,NA
"hsa.mir.548y",0.967765893069578,NA
"hsa.mir.548z",NA,NA
"hsa.mir.549a",0.372796600666236,NA
"hsa.mir.550a.1",0.252860578931748,NA
"hsa.mir.550a.2",0.295175039732256,NA
"hsa.mir.550a.3",0.232631670385108,NA
"hsa.mir.550b.1",0.0871347764832501,NA
"hsa.mir.550b.2",0.0871347764832501,NA
"hsa.mir.551a",0.583939567665076,NA
"hsa.mir.551b",0.442408274727978,NA
"hsa.mir.552",0.0451408325971507,NA
"hsa.mir.553",0.491715520861448,NA
"hsa.mir.554",0.491715520861448,NA
"hsa.mir.555",0.292389597396175,NA
"hsa.mir.556",0.716641939454455,NA
"hsa.mir.557",NA,NA
"hsa.mir.5571",0.488637796734333,NA
"hsa.mir.5572",0.721435956441446,NA
"hsa.mir.5579",0.0289436239591874,NA
"hsa.mir.558",0.327816539237427,NA
"hsa.mir.5580",0.406652546084438,NA
"hsa.mir.5581",0.0422647354069555,NA
"hsa.mir.5582",0.83574633660412,NA
"hsa.mir.5583.1",NA,NA
"hsa.mir.5583.2",0.491715520861448,NA
"hsa.mir.5584",0.514454518715387,NA
"hsa.mir.5585",0.74627892203367,NA
"hsa.mir.5586",0.378819180009506,NA
"hsa.mir.5587",0.729225579893025,NA
"hsa.mir.5588",0.534563643793426,NA
"hsa.mir.5589",0.557622706387348,NA
"hsa.mir.559",0.164106590709276,NA
"hsa.mir.5590",NA,NA
"hsa.mir.5591",NA,NA
"hsa.mir.561",0.223617397861165,NA
"hsa.mir.562",NA,NA
"hsa.mir.563",NA,NA
"hsa.mir.564",0.449656370275289,NA
"hsa.mir.566",NA,NA
"hsa.mir.567",NA,NA
"hsa.mir.568",NA,NA
"hsa.mir.5680",0.00238008228708758,NA
"hsa.mir.5681a",0.229294028630174,NA
"hsa.mir.5681b",0.327816539237427,NA
"hsa.mir.5682",0.418435071583732,NA
"hsa.mir.5683",0.808933243222302,NA
"hsa.mir.5684",0.964161683620602,NA
"hsa.mir.5685",0.327816539237427,NA
"hsa.mir.5687",0.827951486474398,NA
"hsa.mir.5688",NA,NA
"hsa.mir.5689",NA,NA
"hsa.mir.569",NA,NA
"hsa.mir.5690",0.479326447583638,NA
"hsa.mir.5691",0.179796504937264,NA
"hsa.mir.5692a.1",NA,NA
"hsa.mir.5692a.2",0.151543345391466,NA
"hsa.mir.5692b",NA,NA
"hsa.mir.5692c.1",0.491715520861448,NA
"hsa.mir.5692c.2",0.229294028630174,NA
"hsa.mir.5693",0.18193648751043,NA
"hsa.mir.5694",0.978821406512745,NA
"hsa.mir.5695",0.110767484788166,NA
"hsa.mir.5696",0.0134258094113049,NA
"hsa.mir.5697",0.306923407961987,NA
"hsa.mir.5698",0.332824432628294,NA
"hsa.mir.5699",0.666258366941724,NA
"hsa.mir.570",0.0498063098495094,NA
"hsa.mir.5700",NA,NA
"hsa.mir.5701.1",0.949599916619351,NA
"hsa.mir.5701.2",0.768188367316622,NA
"hsa.mir.5702",0.972772468086115,NA
"hsa.mir.5703",0.907955421444852,NA
"hsa.mir.5704",NA,NA
"hsa.mir.5705",0.491715520861448,NA
"hsa.mir.5706",0.144109423733232,NA
"hsa.mir.5707",NA,NA
"hsa.mir.5708",0.537080907971191,NA
"hsa.mir.571",0.327816539237427,NA
"hsa.mir.572",0.670611068086397,NA
"hsa.mir.573",0.148070668933778,NA
"hsa.mir.5739",NA,NA
"hsa.mir.574",0.522731224979741,NA
"hsa.mir.575",0.500301014422458,NA
"hsa.mir.576",0.435971333212195,NA
"hsa.mir.577",0.561125352295859,NA
"hsa.mir.578",0.137578989834815,NA
"hsa.mir.5787",NA,NA
"hsa.mir.579",0.12632395750201,NA
"hsa.mir.580",0.824060355931776,NA
"hsa.mir.581",0.0592179827962026,NA
"hsa.mir.582",0.0279634615184892,NA
"hsa.mir.583",NA,NA
"hsa.mir.584",0.974481293631917,NA
"hsa.mir.585",0.772495978939821,NA
"hsa.mir.586",0.491715520861448,NA
"hsa.mir.587",NA,NA
"hsa.mir.588",0.0390544720892959,NA
"hsa.mir.589",0.167041145130547,NA
"hsa.mir.590",0.03142689465601,NA
"hsa.mir.591",0.20664049477,NA
"hsa.mir.592",0.25630499849434,NA
"hsa.mir.593",0.151543345391466,NA
"hsa.mir.595",NA,NA
"hsa.mir.596",0.716659094130729,NA
"hsa.mir.597",0.655053536892414,NA
"hsa.mir.598",0.500540937949366,NA
"hsa.mir.599",0.97850946736269,NA
"hsa.mir.600",0.281410517615613,NA
"hsa.mir.601",NA,NA
"hsa.mir.602",0.524210771705795,NA
"hsa.mir.603",0.327816539237427,NA
"hsa.mir.604",0.827951486474398,NA
"hsa.mir.605",0.103835542526597,NA
"hsa.mir.606",0.978821406512745,NA
"hsa.mir.6068",NA,NA
"hsa.mir.6069",NA,NA
"hsa.mir.607",0.644422978750964,NA
"hsa.mir.6070",0.491715520861448,NA
"hsa.mir.6071",0.151543345391466,NA
"hsa.mir.6072",0.327816539237427,NA
"hsa.mir.6073",0.2254034114397,NA
"hsa.mir.6074",NA,NA
"hsa.mir.6075",NA,NA
"hsa.mir.6076",0.0555450876105,NA
"hsa.mir.6077.1",0.491715520861448,NA
"hsa.mir.6077.2",NA,NA
"hsa.mir.6078",NA,NA
"hsa.mir.6079",NA,NA
"hsa.mir.608",NA,NA
"hsa.mir.6080",0.966730281224857,NA
"hsa.mir.6081",0.539634010455323,NA
"hsa.mir.6082",NA,NA
"hsa.mir.6083",NA,NA
"hsa.mir.6084",0.488512198897002,NA
"hsa.mir.6085",NA,NA
"hsa.mir.6086",NA,NA
"hsa.mir.6087",0.366751530839392,NA
"hsa.mir.6088",NA,NA
"hsa.mir.6089.1",0.327816539237427,NA
"hsa.mir.6089.2",NA,NA
"hsa.mir.609",0.545806459696063,NA
"hsa.mir.6090",0.491715520861448,NA
"hsa.mir.610",0.978821406512745,NA
"hsa.mir.611",0.0017193517874494,NA
"hsa.mir.612",0.808040942728917,NA
"hsa.mir.6124",NA,NA
"hsa.mir.6125",0.836363382528573,NA
"hsa.mir.6126",0.327816539237427,NA
"hsa.mir.6127",NA,NA
"hsa.mir.6128",NA,NA
"hsa.mir.6129",0.46037921157277,NA
"hsa.mir.613",NA,NA
"hsa.mir.6130",0.327816539237427,NA
"hsa.mir.6131",0.491715520861448,NA
"hsa.mir.6132",0.172656256013413,NA
"hsa.mir.6133",0.0124485315461639,NA
"hsa.mir.6134",NA,NA
"hsa.mir.614",0.863297434017384,NA
"hsa.mir.615",0.564332272480513,NA
"hsa.mir.616",0.440788912588258,NA
"hsa.mir.6165",NA,NA
"hsa.mir.617",NA,NA
"hsa.mir.618",0.544461390969629,NA
"hsa.mir.619",NA,NA
"hsa.mir.620",NA,NA
"hsa.mir.621",0.743180457369768,NA
"hsa.mir.622",0.37926118312011,NA
"hsa.mir.623",0.717028067192439,NA
"hsa.mir.624",0.082926229509611,NA
"hsa.mir.625",0.555044823640011,NA
"hsa.mir.626",0.491715520861448,NA
"hsa.mir.627",0.382727146080472,NA
"hsa.mir.628",0.0158118580593752,NA
"hsa.mir.629",0.275386397972216,NA
"hsa.mir.630",0.327816539237427,NA
"hsa.mir.631",0.35529780300233,NA
"hsa.mir.632",0.376579345169774,NA
"hsa.mir.633",NA,NA
"hsa.mir.634",NA,NA
"hsa.mir.635",0.491715520861448,NA
"hsa.mir.636",0.271492604443912,NA
"hsa.mir.637",0.327816539237427,NA
"hsa.mir.638",0.467151543896841,NA
"hsa.mir.639",0.598711920633508,NA
"hsa.mir.640",0.603478557670665,NA
"hsa.mir.641",0.324350563210096,NA
"hsa.mir.642a",0.0996521947578662,NA
"hsa.mir.642b",0.599000890566892,NA
"hsa.mir.643",0.378342556877053,NA
"hsa.mir.644a",0.491715520861448,NA
"hsa.mir.645",0.491715520861448,NA
"hsa.mir.646",NA,NA
"hsa.mir.647",0.80933335925167,NA
"hsa.mir.648",0.327816539237427,NA
"hsa.mir.649",NA,NA
"hsa.mir.6499",0.431104924070701,NA
"hsa.mir.650",0.545806459696063,NA
"hsa.mir.6500",0.39504796226217,NA
"hsa.mir.6501",0.76262065946584,NA
"hsa.mir.6502",0.735143448438849,NA
"hsa.mir.6503",0.40788598725668,NA
"hsa.mir.6504",0.397594261472076,NA
"hsa.mir.6505",0.541379765570701,NA
"hsa.mir.6506",0.0733895931658427,NA
"hsa.mir.6507",0.445465859708815,NA
"hsa.mir.6508",0.259071758000216,NA
"hsa.mir.6509",0.149837468594293,NA
"hsa.mir.651",0.027336456359783,NA
"hsa.mir.6510",0.713737202402763,NA
"hsa.mir.6511a.1",NA,NA
"hsa.mir.6511a.2",NA,NA
"hsa.mir.6511a.3",NA,NA
"hsa.mir.6511a.4",NA,NA
"hsa.mir.6511b.1",0.107928420608311,NA
"hsa.mir.6511b.2",0.0382915641752619,NA
"hsa.mir.6512",0.406673700588898,NA
"hsa.mir.6513",0.682931490824882,NA
"hsa.mir.6514",0.0595192450701627,NA
"hsa.mir.6515",0.775555908279071,NA
"hsa.mir.6516",0.390119547955343,NA
"hsa.mir.652",0.0334270919104154,NA
"hsa.mir.653",0.461579067441103,NA
"hsa.mir.654",0.985487688570473,NA
"hsa.mir.655",0.0992567986277382,NA
"hsa.mir.656",0.472863780858075,NA
"hsa.mir.657",0.738441933855994,NA
"hsa.mir.658",0.481186495244495,NA
"hsa.mir.659",0.847784060859353,NA
"hsa.mir.660",0.161899019921209,NA
"hsa.mir.661",0.658257587949924,NA
"hsa.mir.662",0.3302171727043,NA
"hsa.mir.663a",0.695038127355524,NA
"hsa.mir.663b",0.314718539010662,NA
"hsa.mir.664a",0.3033508743359,NA
"hsa.mir.664b",0.20314690406816,NA
"hsa.mir.665",0.783175742515491,NA
"hsa.mir.668",0.952154613936054,NA
"hsa.mir.670",0.959176845692512,NA
"hsa.mir.671",0.364756827884109,NA
"hsa.mir.6715a",0.0361132523608206,NA
"hsa.mir.6715b",0.763354997905963,NA
"hsa.mir.6716",0.115408173021841,NA
"hsa.mir.6717",0.68762357254341,NA
"hsa.mir.6718",0.0981520723644003,NA
"hsa.mir.6719",0.119053442464012,NA
"hsa.mir.6720",0.522839565641663,NA
"hsa.mir.6721",0.313225270247307,NA
"hsa.mir.6722",0.638066466998046,NA
"hsa.mir.6723",0.346229377673402,NA
"hsa.mir.6726",0.356077423564367,NA
"hsa.mir.6727",0.579403703545453,NA
"hsa.mir.6728",0.157971744771541,NA
"hsa.mir.6729",0.503118237310163,NA
"hsa.mir.6730",0.600890379130178,NA
"hsa.mir.6731",0.813414599241076,NA
"hsa.mir.6732",0.410178247565801,NA
"hsa.mir.6733",0.060042597435292,NA
"hsa.mir.6734",0.30237650023366,NA
"hsa.mir.6735",0.305973046730454,NA
"hsa.mir.6736",0.629464966313386,NA
"hsa.mir.6737",0.294193597678656,NA
"hsa.mir.6738",0.684096770420801,NA
"hsa.mir.6739",0.568636538522356,NA
"hsa.mir.6740",0.58486781364916,NA
"hsa.mir.6741",0.877306529447041,NA
"hsa.mir.6742",0.776269856593557,NA
"hsa.mir.6743",0.855234752959906,NA
"hsa.mir.6744",0.0648675029978607,NA
"hsa.mir.6745",0.042088165933186,NA
"hsa.mir.6746",0.188483599780871,NA
"hsa.mir.6747",0.302164561136928,NA
"hsa.mir.6748",0.146975621323962,NA
"hsa.mir.6749",0.414945682269112,NA
"hsa.mir.675",0.865027729521509,NA
"hsa.mir.6750",0.204406828561537,NA
"hsa.mir.6751",0.4913560007435,NA
"hsa.mir.6752",0.988936962057906,NA
"hsa.mir.6753",0.550664421149924,NA
"hsa.mir.6754",0.289479348935124,NA
"hsa.mir.6755",0.73861116006095,NA
"hsa.mir.6756",0.00180397027180782,NA
"hsa.mir.6757",0.198513811866505,NA
"hsa.mir.6758",0.0397414620854027,NA
"hsa.mir.6759",0.221815657686536,NA
"hsa.mir.676",0.166677891419848,NA
"hsa.mir.6760",0.402146445348355,NA
"hsa.mir.6761",0.796809570692287,NA
"hsa.mir.6762",0.958396827726515,NA
"hsa.mir.6763",0.955646319990363,NA
"hsa.mir.6764",0.373642429707957,NA
"hsa.mir.6765",0.770817897417238,NA
"hsa.mir.6766",0.357226255661001,NA
"hsa.mir.6767",0.111987217739422,NA
"hsa.mir.6768",0.827951486474398,NA
"hsa.mir.6769a",0.394374801501471,NA
"hsa.mir.6769b",0.607975631660309,NA
"hsa.mir.6770.1",0.485478324671041,NA
"hsa.mir.6770.2",0.272375201314592,NA
"hsa.mir.6770.3",0.348480476047386,NA
"hsa.mir.6771",0.0342673476883678,NA
"hsa.mir.6772",0.904349347368047,NA
"hsa.mir.6773",0.140301052120119,NA
"hsa.mir.6774",0.294982310024142,NA
"hsa.mir.6775",0.684325111319123,NA
"hsa.mir.6776",0.762116138937134,NA
"hsa.mir.6777",0.880777075695475,NA
"hsa.mir.6778",0.880304715626401,NA
"hsa.mir.6779",0.893962150775187,NA
"hsa.mir.6780a",0.107492529454804,NA
"hsa.mir.6780b",0.188652063628644,NA
"hsa.mir.6781",0.425020072436741,NA
"hsa.mir.6782",0.648492322391497,NA
"hsa.mir.6783",0.586818814875975,NA
"hsa.mir.6784",0.787597121242566,NA
"hsa.mir.6785",0.413400814302693,NA
"hsa.mir.6786",0.910070029587679,NA
"hsa.mir.6787",0.735812904114312,NA
"hsa.mir.6788",0.21796774431565,NA
"hsa.mir.6789",0.101542128134212,NA
"hsa.mir.6790",0.424109080143284,NA
"hsa.mir.6791",0.535595431766718,NA
"hsa.mir.6792",0.275495527959438,NA
"hsa.mir.6793",0.071282375924286,NA
"hsa.mir.6794",0.727337973637119,NA
"hsa.mir.6795",0.169741545257001,NA
"hsa.mir.6796",0.304532815543726,NA
"hsa.mir.6797",0.868946350479078,NA
"hsa.mir.6798",0.162835170290672,NA
"hsa.mir.6799",0.424990205623061,NA
"hsa.mir.6800",0.271863164984878,NA
"hsa.mir.6801",0.0531524058028482,NA
"hsa.mir.6802",0.164360410063483,NA
"hsa.mir.6803",0.233114231398785,NA
"hsa.mir.6804",0.306200195565015,NA
"hsa.mir.6805",0.0668829719728846,NA
"hsa.mir.6806",0.407337207731236,NA
"hsa.mir.6807",0.585738957136164,NA
"hsa.mir.6808",0.238574641365381,NA
"hsa.mir.6809",0.0152485275602205,NA
"hsa.mir.6810",0.233368656230967,NA
"hsa.mir.6811",0.170736392474971,NA
"hsa.mir.6812",0.836507992963329,NA
"hsa.mir.6813",0.152329417198924,NA
"hsa.mir.6814",0.512729731473471,NA
"hsa.mir.6815",0.360007244138768,NA
"hsa.mir.6816",0.779030497908824,NA
"hsa.mir.6817",0.12795344145984,NA
"hsa.mir.6818",0.0890042331982818,NA
"hsa.mir.6819",0.842506061166319,NA
"hsa.mir.6820",0.487470725843128,NA
"hsa.mir.6821",0.766483589634276,NA
"hsa.mir.6822",0.0352350192072083,NA
"hsa.mir.6823",0.274573229773925,NA
"hsa.mir.6824",0.600075337175286,NA
"hsa.mir.6825",0.237461253969206,NA
"hsa.mir.6826",0.00690498343934424,NA
"hsa.mir.6827",0.34551562151201,NA
"hsa.mir.6828",0.491715520861448,NA
"hsa.mir.6829",0.0846347980274587,NA
"hsa.mir.6830",0.544589916994444,NA
"hsa.mir.6831",0.77126828550614,NA
"hsa.mir.6832",0.292303909780029,NA
"hsa.mir.6833",0.761905888879916,NA
"hsa.mir.6834",0.693763095215282,NA
"hsa.mir.6835",0.492418928195326,NA
"hsa.mir.6836",0.50210507342182,NA
"hsa.mir.6837",0.927530849982157,NA
"hsa.mir.6838",0.184647522165262,NA
"hsa.mir.6839",0.392777163823997,NA
"hsa.mir.6840",0.0752852002957237,NA
"hsa.mir.6841",NA,NA
"hsa.mir.6842",0.125291891113441,NA
"hsa.mir.6843",0.667025548207563,NA
"hsa.mir.6844",0.972772468086115,NA
"hsa.mir.6845",0.0490413046860245,NA
"hsa.mir.6846",0.7915326337433,NA
"hsa.mir.6847",0.197676607000767,NA
"hsa.mir.6848",0.350332502016585,NA
"hsa.mir.6849",0.368032126957975,NA
"hsa.mir.6850",0.360724598703211,NA
"hsa.mir.6851",0.965072046670547,NA
"hsa.mir.6852",0.36484444803087,NA
"hsa.mir.6853",0.239627298526554,NA
"hsa.mir.6854",0.351607903807147,NA
"hsa.mir.6855",0.545719910470749,NA
"hsa.mir.6856",0.579131736288877,NA
"hsa.mir.6857",0.217804744428913,NA
"hsa.mir.6858",0.751421819827134,NA
"hsa.mir.6859.1",0.984954214351574,NA
"hsa.mir.6859.2",0.151543345391466,NA
"hsa.mir.6859.3",NA,NA
"hsa.mir.6860",0.111811360752268,NA
"hsa.mir.6861",0.330926099120659,NA
"hsa.mir.6862.1",0.564728801000269,NA
"hsa.mir.6862.2",NA,NA
"hsa.mir.6863",0.451293993204409,NA
"hsa.mir.6864",0.221841528784489,NA
"hsa.mir.6865",0.311156638150661,NA
"hsa.mir.6866",0.14575018164013,NA
"hsa.mir.6867",0.711401682410206,NA
"hsa.mir.6868",0.664994730120404,NA
"hsa.mir.6869",0.994165782054712,NA
"hsa.mir.6870",0.399483205009683,NA
"hsa.mir.6871",0.379059656923145,NA
"hsa.mir.6872",0.552054403323031,NA
"hsa.mir.6873",0.283224037329108,NA
"hsa.mir.6874",0.5535785101564,NA
"hsa.mir.6875",0.13467226601093,NA
"hsa.mir.6876",0.627314729843298,NA
"hsa.mir.6877",0.661073508531987,NA
"hsa.mir.6878",0.486118804533368,NA
"hsa.mir.6879",0.933978370233001,NA
"hsa.mir.6880",0.251100086734661,NA
"hsa.mir.6881",0.675693901164507,NA
"hsa.mir.6882",0.631400881578957,NA
"hsa.mir.6883",0.732798267696737,NA
"hsa.mir.6884",0.398010819632444,NA
"hsa.mir.6885",0.474447538735295,NA
"hsa.mir.6886",0.854959099051162,NA
"hsa.mir.6887",0.824924114962168,NA
"hsa.mir.6888",0.0164550989437434,NA
"hsa.mir.6889",0.55484834651987,NA
"hsa.mir.6890",0.577284201496418,NA
"hsa.mir.6891",0.0963391900509781,NA
"hsa.mir.6892",0.762884875894712,NA
"hsa.mir.6893",0.283610656303272,NA
"hsa.mir.6894",0.993493326171682,NA
"hsa.mir.6895",0.534657607034696,NA
"hsa.mir.7.1",0.029473447389093,NA
"hsa.mir.7.2",0.437907280525616,NA
"hsa.mir.7.3",0.0393139682855477,NA
"hsa.mir.708",0.00895830413571251,NA
"hsa.mir.7106",0.983791130265375,NA
"hsa.mir.7107",0.550486079475373,NA
"hsa.mir.7108",0.926768145476463,NA
"hsa.mir.7109",0.244610721283798,NA
"hsa.mir.711",0.151543345391466,NA
"hsa.mir.7110",0.648392576329161,NA
"hsa.mir.7111",0.312232708120635,NA
"hsa.mir.7112.1",0.277744899162136,NA
"hsa.mir.7112.2",0.27235671473245,NA
"hsa.mir.7113",0.490278061890834,NA
"hsa.mir.7114",0.338714087837189,NA
"hsa.mir.7150",0.327816539237427,NA
"hsa.mir.7151",0.0849659180082789,NA
"hsa.mir.7152",0.48690632296781,NA
"hsa.mir.7153",NA,NA
"hsa.mir.7154",NA,NA
"hsa.mir.7155",0.00895807191041013,NA
"hsa.mir.7156",0.596025857834502,NA
"hsa.mir.7157",0.393269090361462,NA
"hsa.mir.7158",0.722414120948534,NA
"hsa.mir.7159",NA,NA
"hsa.mir.7160",0.295247483966046,NA
"hsa.mir.7161",0.46037921157277,NA
"hsa.mir.7162",NA,NA
"hsa.mir.718",0.782321629085717,NA
"hsa.mir.744",0.525182151372331,NA
"hsa.mir.7515",NA,NA
"hsa.mir.758",0.903647955917116,NA
"hsa.mir.759",NA,NA
"hsa.mir.760",0.450518948570398,NA
"hsa.mir.761",NA,NA
"hsa.mir.762",0.98487156299993,NA
"hsa.mir.764",0.978821406512745,NA
"hsa.mir.7641.1",0.11730690805211,NA
"hsa.mir.7641.2",0.0680570977991722,NA
"hsa.mir.765",0.103558733466595,NA
"hsa.mir.766",0.534218922289022,NA
"hsa.mir.767",0.518479754653357,NA
"hsa.mir.769",0.876881027602723,NA
"hsa.mir.770",0.454980801163652,NA
"hsa.mir.7702",0.862518945075206,NA
"hsa.mir.7703",0.708185646740688,NA
"hsa.mir.7704",0.461511203917263,NA
"hsa.mir.7705",0.544566721955204,NA
"hsa.mir.7706",0.396085148132734,NA
"hsa.mir.7843",0.342913839288653,NA
"hsa.mir.7844",0.686935275530242,NA
"hsa.mir.7845",0.0266725383103939,NA
"hsa.mir.7846",0.277542110715494,NA
"hsa.mir.7847",0.239654367416877,NA
"hsa.mir.7848",0.66730978496122,NA
"hsa.mir.7849",0.167223395889997,NA
"hsa.mir.7850",0.280976820721998,NA
"hsa.mir.7851",0.938988140946883,NA
"hsa.mir.7852",NA,NA
"hsa.mir.7853",0.491715520861448,NA
"hsa.mir.7854",0.977974328834899,NA
"hsa.mir.7855",0.812413250598475,NA
"hsa.mir.7856",0.491715520861448,NA
"hsa.mir.7973.1",0.491715520861448,NA
"hsa.mir.7973.2",0.597027606665864,NA
"hsa.mir.7974",0.282332100412301,NA
"hsa.mir.7975",0.491715520861448,NA
"hsa.mir.7976",0.00293977270146975,NA
"hsa.mir.7977",0.875865187610182,NA
"hsa.mir.7978",0.435337383849594,NA
"hsa.mir.802",NA,NA
"hsa.mir.8052",NA,NA
"hsa.mir.8053",NA,NA
"hsa.mir.8054",NA,NA
"hsa.mir.8055",NA,NA
"hsa.mir.8056",NA,NA
"hsa.mir.8057",0.491715520861448,NA
"hsa.mir.8058",NA,NA
"hsa.mir.8059",0.327816539237427,NA
"hsa.mir.8060",NA,NA
"hsa.mir.8061",NA,NA
"hsa.mir.8062",NA,NA
"hsa.mir.8063",NA,NA
"hsa.mir.8064",NA,NA
"hsa.mir.8065",NA,NA
"hsa.mir.8066",0.203927247241113,NA
"hsa.mir.8067",NA,NA
"hsa.mir.8068",NA,NA
"hsa.mir.8069",NA,NA
"hsa.mir.8070",NA,NA
"hsa.mir.8071.1",NA,NA
"hsa.mir.8071.2",NA,NA
"hsa.mir.8072",0.681913828828741,NA
"hsa.mir.8073",0.491715520861448,NA
"hsa.mir.8074",NA,NA
"hsa.mir.8075",0.978821406512745,NA
"hsa.mir.8076",NA,NA
"hsa.mir.8077",0.399981344827686,NA
"hsa.mir.8078",NA,NA
"hsa.mir.8079",NA,NA
"hsa.mir.8080",NA,NA
"hsa.mir.8081",NA,NA
"hsa.mir.8082",NA,NA
"hsa.mir.8083",NA,NA
"hsa.mir.8084",NA,NA
"hsa.mir.8085",0.289949998385821,NA
"hsa.mir.8086",NA,NA
"hsa.mir.8087",NA,NA
"hsa.mir.8088",NA,NA
"hsa.mir.8089",0.164106590709276,NA
"hsa.mir.873",0.32426199593658,NA
"hsa.mir.874",0.595239662182189,NA
"hsa.mir.875",0.151543345391466,NA
"hsa.mir.876",0.648129680964667,NA
"hsa.mir.877",0.30749470645513,NA
"hsa.mir.885",0.777270435905224,NA
"hsa.mir.887",0.38638229423428,NA
"hsa.mir.888",0.304564088669504,NA
"hsa.mir.889",0.378568491043142,NA
"hsa.mir.890",0.597027606665864,NA
"hsa.mir.891a",0.667451260749785,NA
"hsa.mir.891b",0.119053442464012,NA
"hsa.mir.892a",0.161798692834556,NA
"hsa.mir.892b",0.0813389910041938,NA
"hsa.mir.892c",0.229294028630174,NA
"hsa.mir.9.1",0.823796692787733,NA
"hsa.mir.9.2",0.863055054384014,NA
"hsa.mir.9.3",0.316251770629732,NA
"hsa.mir.920",0.151543345391466,NA
"hsa.mir.921",0.491715520861448,NA
"hsa.mir.922",0.919921807441254,NA
"hsa.mir.924",NA,NA
"hsa.mir.92a.1",0.283190454326975,NA
"hsa.mir.92a.2",0.504137889664689,NA
"hsa.mir.92b",0.160213484662607,NA
"hsa.mir.93",0.347754404651497,NA
"hsa.mir.933",0.0896495067622983,NA
"hsa.mir.934",0.567064786983784,NA
"hsa.mir.935",0.66380485036677,NA
"hsa.mir.936",0.491715520861448,NA
"hsa.mir.937",0.712738778334855,NA
"hsa.mir.938",0.341741138761702,NA
"hsa.mir.939",0.451271853415596,NA
"hsa.mir.940",0.709934790351488,NA
"hsa.mir.941.1",0.370994123411293,NA
"hsa.mir.941.2",NA,NA
"hsa.mir.941.3",NA,NA
"hsa.mir.941.4",NA,NA
"hsa.mir.942",0.00762561150876735,NA
"hsa.mir.943",0.987628538300227,NA
"hsa.mir.944",0.488412319628906,NA
"hsa.mir.95",0.53327800606915,NA
"hsa.mir.96",0.136710906827433,NA
"hsa.mir.98",0.00152774256841024,NA
"hsa.mir.99a",0.797538141331556,NA
"hsa.mir.99b",0.289426356910688,NA
